NOME_UNIDADE,NOME_DISCIPLINA,COD_TURMA,ITEM_TABELA,HR_INICIO,COD_DISCIPLINA,DIA_SEMANA,HR_FIM,TIPO_AULA,PERIODO_ITEM,ANO,DIA_SEMANA_ITEM,COD_ESTRUTURADO,CH_TOTAL,CREDITOS,PERIODO,COD_CURSO,NOME_SALA,DT_INICIO_PERIODO,DT_FIM_PERIODO,ID_TURMA,ESCOPO_ITEM,VAGAS_OCUPADAS,VAGAS_OFERECIDAS,VAGAS_AUMENTADAS,SITUACAO
Coord. Acadêmica do Instituto de Computação,INTRODUÇÃO A COMPUTAÇÃO,CB02,2,10:00:00,ICC001,Segunda-feira,11:50:00,Teórica,202,2015,2,1.70.01.00.00.00.00.00,90,5, 2° Semestre,IE08,ICE - 2º ANDAR - BL. 6  SALA DE AULA 302,08/09/2015,18/01/2016,122754,3,10,15,0,Ajuste Hor.
Coord. Acadêmica do Instituto de Computação,INTRODUÇÃO A COMPUTAÇÃO,CB02,4,10:00:00,ICC001,Quarta-feira,11:50:00,Teórica,202,2015,4,1.70.01.00.00.00.00.00,90,5, 2° Semestre,IE08,ICE - 2º ANDAR - BL. 6  SALA DE AULA 302,08/09/2015,18/01/2016,122754,3,10,15,0,Ajuste Hor.
Coord. Acadêmica do Instituto de Computação,INTRODUÇÃO A COMPUTAÇÃO,CB02,6,10:00:00,ICC001,Sexta-feira,11:50:00,Prática,202,2015,6,1.70.01.00.00.00.00.00,90,5, 2° Semestre,IE08,,08/09/2015,18/01/2016,122754,3,10,15,0,Ajuste Hor.
Coord. Acadêmica do Instituto de Computação,INTRODUÇÃO A COMPUTAÇÃO,3,2,10:00:00,ICC001,Segunda-feira,11:50:00,Prática,202,2015,2,1.70.01.00.00.00.00.00,90,5, 2° Semestre,IE08,,08/09/2015,18/01/2016,128390,1,9,10,0,Matrícula
Coord. Acadêmica do Instituto de Computação,INTRODUÇÃO A COMPUTAÇÃO,3,4,10:00:00,ICC001,Quarta-feira,11:50:00,Teórica,202,2015,4,1.70.01.00.00.00.00.00,90,5, 2° Semestre,IE08,,08/09/2015,18/01/2016,128390,1,9,10,0,Matrícula
Coord. Acadêmica do Instituto de Computação,INTRODUÇÃO A COMPUTAÇÃO,3,6,10:00:00,ICC001,Sexta-feira,11:50:00,Teórica,202,2015,6,1.70.01.00.00.00.00.00,90,5, 2° Semestre,IE08,,08/09/2015,18/01/2016,128390,1,9,10,0,Matrícula
Coord. Acadêmica do Instituto de Computação,ALGORITMOS E ESTRUTURA DE DADOS I,CB01,2,10:00:00,ICC002,Segunda-feira,11:50:00,Teórica,202,2015,2,1.70.01.00.00.00.00.00,90,5, 2° Semestre,IE08,ICE - TÉRREO - BL.6 SALA DE AULA 106/107,08/09/2015,18/01/2016,122726,1,44,25,19,Matrícula
Coord. Acadêmica do Instituto de Computação,ALGORITMOS E ESTRUTURA DE DADOS I,CB01,4,10:00:00,ICC002,Quarta-feira,11:50:00,Teórica,202,2015,4,1.70.01.00.00.00.00.00,90,5, 2° Semestre,IE08,ICE - TÉRREO - BL.6 SALA DE AULA 106/107,08/09/2015,18/01/2016,122726,1,44,25,19,Matrícula
Coord. Acadêmica do Instituto de Computação,ALGORITMOS E ESTRUTURA DE DADOS I,CB01,6,10:00:00,ICC002,Sexta-feira,11:50:00,Prática,202,2015,6,1.70.01.00.00.00.00.00,90,5, 2° Semestre,IE08,ICE - TÉRREO - BL.6 SALA DE AULA 106/107,08/09/2015,18/01/2016,122726,1,44,25,19,Matrícula
Coord. Acadêmica do Instituto de Computação,ALGORITMOS E ESTRUTURA DE DADOS I,CB02,2,10:00:00,ICC002,Segunda-feira,11:50:00,Teórica,202,2015,2,1.70.01.00.00.00.00.00,90,5, 2° Semestre,IE08,ICE - TÉRREO - BL.6 SALA DE AULA 106/107,08/09/2015,18/01/2016,122741,1,4,5,0,Matrícula
Coord. Acadêmica do Instituto de Computação,ALGORITMOS E ESTRUTURA DE DADOS I,CB02,4,10:00:00,ICC002,Quarta-feira,11:50:00,Teórica,202,2015,4,1.70.01.00.00.00.00.00,90,5, 2° Semestre,IE08,ICE - TÉRREO - BL.6 SALA DE AULA 106/107,08/09/2015,18/01/2016,122741,1,4,5,0,Matrícula
Coord. Acadêmica do Instituto de Computação,ALGORITMOS E ESTRUTURA DE DADOS I,CB02,6,10:00:00,ICC002,Sexta-feira,11:50:00,Prática,202,2015,6,1.70.01.00.00.00.00.00,90,5, 2° Semestre,IE08,ICE - TÉRREO - BL.6 SALA DE AULA 106/107,08/09/2015,18/01/2016,122741,1,4,5,0,Matrícula
Coord. Acadêmica do Instituto de Computação,ALGORITMOS E ESTRUTURA DE DADOS I,CB03,2,10:00:00,ICC002,Segunda-feira,11:50:00,Teórica,202,2015,2,1.70.01.00.00.00.00.00,90,5, 2° Semestre,IE08,,08/09/2015,18/01/2016,122764,1,4,5,0,Matrícula
Coord. Acadêmica do Instituto de Computação,ALGORITMOS E ESTRUTURA DE DADOS I,CB03,4,10:00:00,ICC002,Quarta-feira,11:50:00,Teórica,202,2015,4,1.70.01.00.00.00.00.00,90,5, 2° Semestre,IE08,,08/09/2015,18/01/2016,122764,1,4,5,0,Matrícula
Coord. Acadêmica do Instituto de Computação,ALGORITMOS E ESTRUTURA DE DADOS I,CB03,6,10:00:00,ICC002,Sexta-feira,11:50:00,Prática,202,2015,6,1.70.01.00.00.00.00.00,90,5, 2° Semestre,IE08,,08/09/2015,18/01/2016,122764,1,4,5,0,Matrícula
Coord. Acadêmica do Instituto de Computação,ALGORITMOS E ESTRUTURA DE DADOS I,01,2,18:00:00,ICC002,Segunda-feira,19:50:00,Teórica,202,2015,2,1.70.01.00.00.00.00.00,90,5, 2° Semestre,IE15,,08/09/2015,18/01/2016,123383,3,52,50,3,Matrícula
Coord. Acadêmica do Instituto de Computação,ALGORITMOS E ESTRUTURA DE DADOS I,01,4,18:00:00,ICC002,Quarta-feira,19:50:00,Teórica,202,2015,4,1.70.01.00.00.00.00.00,90,5, 2° Semestre,IE15,,08/09/2015,18/01/2016,123383,3,52,50,3,Matrícula
Coord. Acadêmica do Instituto de Computação,ALGORITMOS E ESTRUTURA DE DADOS I,01,6,18:00:00,ICC002,Sexta-feira,19:50:00,Prática,202,2015,6,1.70.01.00.00.00.00.00,90,5, 2° Semestre,IE15,,08/09/2015,18/01/2016,123383,3,52,50,3,Matrícula
Coord. Acadêmica do Instituto de Computação,ALGORITMOS E ESTRUTURAS DE DADOS II,CB02,3,14:00:00,ICC003,Terça-feira,15:50:00,Teórica,202,2015,3,1.70.01.00.00.00.00.00,90,5, 2° Semestre,IE08,,08/09/2015,18/01/2016,128370,3,17,13,4,Matrícula
Coord. Acadêmica do Instituto de Computação,ALGORITMOS E ESTRUTURAS DE DADOS II,CB02,5,14:00:00,ICC003,Quinta-feira,15:50:00,Teórica,202,2015,5,1.70.01.00.00.00.00.00,90,5, 2° Semestre,IE08,,08/09/2015,18/01/2016,128370,3,17,13,4,Matrícula
Coord. Acadêmica do Instituto de Computação,ALGORITMOS E ESTRUTURAS DE DADOS II,CB02,6,14:00:00,ICC003,Sexta-feira,15:50:00,Prática,202,2015,6,1.70.01.00.00.00.00.00,90,5, 2° Semestre,IE08,,08/09/2015,18/01/2016,128370,3,17,13,4,Matrícula
Coord. Acadêmica do Instituto de Computação,ALGORITMOS E ESTRUTURAS DE DADOS II,01,3,14:00:00,ICC003,Terça-feira,15:50:00,Teórica,202,2015,3,1.70.01.00.00.00.00.00,90,5, 2° Semestre,IE15,,08/09/2015,18/01/2016,128385,5,0,5,0,Matrícula
Coord. Acadêmica do Instituto de Computação,ALGORITMOS E ESTRUTURAS DE DADOS II,01,5,14:00:00,ICC003,Quinta-feira,15:50:00,Teórica,202,2015,5,1.70.01.00.00.00.00.00,90,5, 2° Semestre,IE15,,08/09/2015,18/01/2016,128385,5,0,5,0,Matrícula
Coord. Acadêmica do Instituto de Computação,ALGORITMOS E ESTRUTURAS DE DADOS II,01,6,14:00:00,ICC003,Sexta-feira,15:50:00,Prática,202,2015,6,1.70.01.00.00.00.00.00,90,5, 2° Semestre,IE15,,08/09/2015,18/01/2016,128385,5,0,5,0,Matrícula
Coord. Acadêmica do Instituto de Computação,TÉCNICAS DE PROGRAMAÇÃO,CB01,6,07:00:00,ICC005,Sexta-feira,10:30:00,Prática,202,2015,6,1.70.01.00.00.00.00.00,90,4, 2° Semestre,IE08,ICE - TÉRREO - BL. 6 SALA DE AULA 103,08/09/2015,18/01/2016,122728,3,50,50,1,Matrícula
Coord. Acadêmica do Instituto de Computação,TÉCNICAS DE PROGRAMAÇÃO,CB01,6,11:00:00,ICC005,Sexta-feira,12:50:00,Teórica,202,2015,6,1.70.01.00.00.00.00.00,90,4, 2° Semestre,IE08,ICE - TÉRREO - BL. 6 SALA DE AULA 103,08/09/2015,18/01/2016,122728,3,50,50,1,Matrícula
Coord. Acadêmica do Instituto de Computação,LABORATÓRIO DE PROGRAMAÇÃO A,01,3,18:00:00,ICC011,Terça-feira,19:50:00,Prática,202,2015,3,1.70.01.00.00.00.00.00,60,2, 2° Semestre,IE15,,08/09/2015,18/01/2016,123385,3,23,40,0,Matrícula
Coord. Acadêmica do Instituto de Computação,LABORATÓRIO DE PROGRAMAÇÃO A,01,5,18:00:00,ICC011,Quinta-feira,19:50:00,Prática,202,2015,5,1.70.01.00.00.00.00.00,60,2, 2° Semestre,IE15,,08/09/2015,18/01/2016,123385,3,23,40,0,Matrícula
Coord. Acadêmica do Instituto de Computação,LABORATÓRIO DE PROGRAMAÇÃO C,CB01,2,16:00:00,ICC013,Segunda-feira,17:50:00,Prática,202,2015,2,1.70.01.00.00.00.00.00,60,2, 2° Semestre,IE08,,08/09/2015,18/01/2016,122748,3,8,15,0,Matrícula
Coord. Acadêmica do Instituto de Computação,LABORATÓRIO DE PROGRAMAÇÃO C,CB01,4,16:00:00,ICC013,Quarta-feira,17:50:00,Prática,202,2015,4,1.70.01.00.00.00.00.00,60,2, 2° Semestre,IE08,,08/09/2015,18/01/2016,122748,3,8,15,0,Matrícula
Coord. Acadêmica do Instituto de Computação,LABORATÓRIO DE PROGRAMAÇÃO C,01,2,16:00:00,ICC013,Segunda-feira,17:50:00,Prática,202,2015,2,1.70.01.00.00.00.00.00,60,2, 2° Semestre,IE15,,08/09/2015,18/01/2016,123392,1,1,20,0,Matrícula
Coord. Acadêmica do Instituto de Computação,LABORATÓRIO DE PROGRAMAÇÃO C,01,4,16:00:00,ICC013,Quarta-feira,17:50:00,Prática,202,2015,4,1.70.01.00.00.00.00.00,60,2, 2° Semestre,IE15,,08/09/2015,18/01/2016,123392,1,1,20,0,Matrícula
Coord. Acadêmica do Instituto de Computação,TÓPICOS ESPECIAIS EM PROGRAMAÇÃO I,01,3,16:00:00,ICC030,Terça-feira,17:50:00,Teórica,202,2015,3,1.70.01.00.00.00.00.00,60,4, 2° Semestre,IE15,,08/09/2015,18/01/2016,128369,1,13,15,0,Matrícula
Coord. Acadêmica do Instituto de Computação,TÓPICOS ESPECIAIS EM PROGRAMAÇÃO I,01,5,16:00:00,ICC030,Quinta-feira,17:50:00,Teórica,202,2015,5,1.70.01.00.00.00.00.00,60,4, 2° Semestre,IE15,,08/09/2015,18/01/2016,128369,1,13,15,0,Matrícula
Coord. Acadêmica do Instituto de Computação,LINGUAGENS FORMAIS E AUTÔMATOS,CB01,2,08:00:00,ICC040,Segunda-feira,09:50:00,Teórica,202,2015,2,1.70.01.00.00.00.00.00,60,4, 2° Semestre,IE08,ICE - TÉRREO - BL.6 SALA DE AULA 104/105,08/09/2015,18/01/2016,122750,1,45,50,0,Matrícula
Coord. Acadêmica do Instituto de Computação,LINGUAGENS FORMAIS E AUTÔMATOS,CB01,4,08:00:00,ICC040,Quarta-feira,09:50:00,Teórica,202,2015,4,1.70.01.00.00.00.00.00,60,4, 2° Semestre,IE08,ICE - TÉRREO - BL.6 SALA DE AULA 104/105,08/09/2015,18/01/2016,122750,1,45,50,0,Matrícula
Coord. Acadêmica do Instituto de Computação,LINGUAGENS FORMAIS E AUTÔMATOS,CB02,2,10:00:00,ICC040,Segunda-feira,11:50:00,Teórica,202,2015,2,1.70.01.00.00.00.00.00,60,4, 2° Semestre,IE08,,08/09/2015,18/01/2016,122762,3,10,5,6,Matrícula
Coord. Acadêmica do Instituto de Computação,LINGUAGENS FORMAIS E AUTÔMATOS,CB02,4,10:00:00,ICC040,Quarta-feira,11:50:00,Teórica,202,2015,4,1.70.01.00.00.00.00.00,60,4, 2° Semestre,IE08,,08/09/2015,18/01/2016,122762,3,10,5,6,Matrícula
Coord. Acadêmica do Instituto de Computação,INTRODUÇÃO À TEORIA DOS GRAFOS,CB01,3,10:00:00,ICC041,Terça-feira,11:50:00,Teórica,202,2015,3,1.70.01.00.00.00.00.00,60,4, 2° Semestre,IE08,ICE - 2º ANDAR - BL. 6  SALA DE AULA 307,08/09/2015,18/01/2016,122742,3,52,50,2,Matrícula
Coord. Acadêmica do Instituto de Computação,INTRODUÇÃO À TEORIA DOS GRAFOS,CB01,5,10:00:00,ICC041,Quinta-feira,11:50:00,Teórica,202,2015,5,1.70.01.00.00.00.00.00,60,4, 2° Semestre,IE08,ICE - 2º ANDAR - BL. 6  SALA DE AULA 307,08/09/2015,18/01/2016,122742,3,52,50,2,Matrícula
Coord. Acadêmica do Instituto de Computação,PARADIGMA DE LINGUAGENS DE PROGRAMAÇÃO,01,3,18:00:00,ICC043,Terça-feira,19:50:00,Teórica,202,2015,3,1.70.01.00.00.00.00.00,60,4, 2° Semestre,IE15,,08/09/2015,18/01/2016,123435,3,29,40,0,Matrícula
Coord. Acadêmica do Instituto de Computação,PARADIGMA DE LINGUAGENS DE PROGRAMAÇÃO,01,5,18:00:00,ICC043,Quinta-feira,19:50:00,Teórica,202,2015,5,1.70.01.00.00.00.00.00,60,4, 2° Semestre,IE15,,08/09/2015,18/01/2016,123435,3,29,40,0,Matrícula
Coord. Acadêmica do Instituto de Computação,COMPILADORES,CB01,3,14:00:00,ICC044,Terça-feira,15:50:00,Teórica,202,2015,3,1.70.01.00.00.00.00.00,60,4, 2° Semestre,IE08,ICE - 2º ANDAR - BL. 6  SALA DE AULA 304,08/09/2015,18/01/2016,122730,3,34,50,0,Matrícula
Coord. Acadêmica do Instituto de Computação,COMPILADORES,CB01,5,14:00:00,ICC044,Quinta-feira,15:50:00,Teórica,202,2015,5,1.70.01.00.00.00.00.00,60,4, 2° Semestre,IE08,ICE - 2º ANDAR - BL. 6  SALA DE AULA 304,08/09/2015,18/01/2016,122730,3,34,50,0,Matrícula
Coord. Acadêmica do Instituto de Computação,SISTEMAS LÓGICOS,CB01,3,08:00:00,ICC060,Terça-feira,09:50:00,Teórica,202,2015,3,1.70.01.00.00.00.00.00,60,4, 2° Semestre,IE08,ICE - TÉRREO - BL.6 SALA DE AULA 106/107,08/09/2015,18/01/2016,122727,3,36,25,12,Matrícula
Coord. Acadêmica do Instituto de Computação,SISTEMAS LÓGICOS,CB01,5,08:00:00,ICC060,Quinta-feira,09:50:00,Teórica,202,2015,5,1.70.01.00.00.00.00.00,60,4, 2° Semestre,IE08,ICE - TÉRREO - BL.6 SALA DE AULA 106/107,08/09/2015,18/01/2016,122727,3,36,25,12,Matrícula
Coord. Acadêmica do Instituto de Computação,SISTEMAS LÓGICOS,CB02,3,08:00:00,ICC060,Terça-feira,09:50:00,Teórica,202,2015,3,1.70.01.00.00.00.00.00,60,4, 2° Semestre,IE08,,08/09/2015,18/01/2016,126215,3,37,25,12,Matrícula
Coord. Acadêmica do Instituto de Computação,SISTEMAS LÓGICOS,CB02,5,08:00:00,ICC060,Quinta-feira,09:50:00,Teórica,202,2015,5,1.70.01.00.00.00.00.00,60,4, 2° Semestre,IE08,,08/09/2015,18/01/2016,126215,3,37,25,12,Matrícula
Coord. Acadêmica do Instituto de Computação,ARQUITETURA DE COMPUTADORES,CB01,3,08:00:00,ICC062,Terça-feira,09:50:00,Teórica,202,2015,3,1.70.01.00.00.00.00.00,60,4, 2° Semestre,IE08,ICE - 2º ANDAR - BL. 6  SALA DE AULA 306,08/09/2015,18/01/2016,122740,3,58,50,8,Matrícula
Coord. Acadêmica do Instituto de Computação,ARQUITETURA DE COMPUTADORES,CB01,5,08:00:00,ICC062,Quinta-feira,09:50:00,Teórica,202,2015,5,1.70.01.00.00.00.00.00,60,4, 2° Semestre,IE08,ICE - 2º ANDAR - BL. 6  SALA DE AULA 306,08/09/2015,18/01/2016,122740,3,58,50,8,Matrícula
Coord. Acadêmica do Instituto de Computação,SISTEMAS DE COMPUTAÇÃO,01,2,20:00:00,ICC064,Segunda-feira,21:50:00,Teórica,202,2015,2,1.70.01.00.00.00.00.00,90,5, 2° Semestre,IE15,,08/09/2015,18/01/2016,123441,1,50,40,10,Matrícula
Coord. Acadêmica do Instituto de Computação,SISTEMAS DE COMPUTAÇÃO,01,4,20:00:00,ICC064,Quarta-feira,21:50:00,Teórica,202,2015,4,1.70.01.00.00.00.00.00,90,5, 2° Semestre,IE15,,08/09/2015,18/01/2016,123441,1,50,40,10,Matrícula
Coord. Acadêmica do Instituto de Computação,SISTEMAS DE COMPUTAÇÃO,01,6,16:00:00,ICC064,Sexta-feira,17:50:00,Prática,202,2015,6,1.70.01.00.00.00.00.00,90,5, 2° Semestre,IE15,,08/09/2015,18/01/2016,123441,1,50,40,10,Matrícula
Coord. Acadêmica do Instituto de Computação,EMPREENDEDORISMO EM INFORMÁTICA,CB01,2,14:00:00,ICC103,Segunda-feira,15:50:00,Teórica,202,2015,2,1.70.01.00.00.00.00.00,60,4, 2° Semestre,IE08,ICE - TÉRREO - BL. 6 SALA DE AULA 102,08/09/2015,18/01/2016,122744,3,48,40,8,Matrícula
Coord. Acadêmica do Instituto de Computação,EMPREENDEDORISMO EM INFORMÁTICA,CB01,4,14:00:00,ICC103,Quarta-feira,15:50:00,Teórica,202,2015,4,1.70.01.00.00.00.00.00,60,4, 2° Semestre,IE08,ICE - TÉRREO - BL. 6 SALA DE AULA 102,08/09/2015,18/01/2016,122744,3,48,40,8,Matrícula
Coord. Acadêmica do Instituto de Computação,MATEMÁTICA DISCRETA,CB01,3,14:00:00,ICC120,Terça-feira,15:50:00,Teórica,202,2015,3,1.70.01.00.00.00.00.00,60,4, 2° Semestre,IE08,ICE - 1º ANDAR-BL. 6  SALA DE AULA 206,08/09/2015,18/01/2016,122749,1,34,30,4,Matrícula
Coord. Acadêmica do Instituto de Computação,MATEMÁTICA DISCRETA,CB01,5,14:00:00,ICC120,Quinta-feira,15:50:00,Teórica,202,2015,5,1.70.01.00.00.00.00.00,60,4, 2° Semestre,IE08,ICE - 1º ANDAR-BL. 6  SALA DE AULA 206,08/09/2015,18/01/2016,122749,1,34,30,4,Matrícula
Coord. Acadêmica do Instituto de Computação,MATEMÁTICA DISCRETA,CB02,3,14:00:00,ICC120,Terça-feira,15:50:00,Teórica,202,2015,3,1.70.01.00.00.00.00.00,60,4, 2° Semestre,IE08,ICE - 1º ANDAR -BL. 6  SALA DE AULA 207,08/09/2015,18/01/2016,122747,1,35,30,5,Matrícula
Coord. Acadêmica do Instituto de Computação,MATEMÁTICA DISCRETA,CB02,5,14:00:00,ICC120,Quinta-feira,15:50:00,Teórica,202,2015,5,1.70.01.00.00.00.00.00,60,4, 2° Semestre,IE08,ICE - 1º ANDAR -BL. 6  SALA DE AULA 207,08/09/2015,18/01/2016,122747,1,35,30,5,Matrícula
Coord. Acadêmica do Instituto de Computação,MATEMÁTICA DISCRETA,01,3,16:00:00,ICC120,Terça-feira,17:50:00,Teórica,202,2015,3,1.70.01.00.00.00.00.00,60,4, 2° Semestre,IE15,,08/09/2015,18/01/2016,123378,1,55,50,5,Matrícula
Coord. Acadêmica do Instituto de Computação,MATEMÁTICA DISCRETA,01,5,16:00:00,ICC120,Quinta-feira,17:50:00,Teórica,202,2015,5,1.70.01.00.00.00.00.00,60,4, 2° Semestre,IE15,,08/09/2015,18/01/2016,123378,1,55,50,5,Matrícula
Coord. Acadêmica do Instituto de Computação,TRABALHO DE CONCLUSÃO DE CURSO,CB01,,,ICC150,,,,202,2015,,1.70.01.00.00.00.00.00,150,5, 2° Semestre,IE08,,,,122758,1,12,30,0,Matrícula
Coord. Acadêmica do Instituto de Computação,TRABALHO DE CONCLUSÃO DE CURSO,01,,,ICC150,,,,202,2015,,1.70.01.00.00.00.00.00,150,5, 2° Semestre,IE15,,,,123388,1,17,15,2,Matrícula
Coord. Acadêmica do Instituto de Computação,ESTÁGIO SUPERVISIONADO,01,,,ICC151,,,,202,2015,,1.70.01.00.00.00.00.00,180,6, 2° Semestre,IE15,,,,123389,1,17,15,2,Matrícula
Coord. Acadêmica do Instituto de Computação,TÓPICOS ESPECIAIS EM CIÊNCIA DA COMPUTAÇÃO II,CB01,3,16:00:00,ICC181,Terça-feira,17:50:00,Teórica,202,2015,3,1.70.01.00.00.00.00.00,60,4, 2° Semestre,IE08,,08/09/2015,18/01/2016,122734,3,2,15,0,Matrícula
Coord. Acadêmica do Instituto de Computação,TÓPICOS ESPECIAIS EM CIÊNCIA DA COMPUTAÇÃO II,CB01,5,16:00:00,ICC181,Quinta-feira,17:50:00,Teórica,202,2015,5,1.70.01.00.00.00.00.00,60,4, 2° Semestre,IE08,,08/09/2015,18/01/2016,122734,3,2,15,0,Matrícula
Coord. Acadêmica do Instituto de Computação,TÓPICOS AVANÇADOS EM CIÊNCIA DA COMPUTAÇÃO I,CB02,3,16:00:00,ICC182,Terça-feira,17:50:00,Teórica,202,2015,3,1.70.01.00.00.00.00.00,60,4, 2° Semestre,IE08,,08/09/2015,18/01/2016,128576,1,5,10,0,Matrícula
Coord. Acadêmica do Instituto de Computação,TÓPICOS AVANÇADOS EM CIÊNCIA DA COMPUTAÇÃO I,CB02,5,16:00:00,ICC182,Quinta-feira,17:50:00,Teórica,202,2015,5,1.70.01.00.00.00.00.00,60,4, 2° Semestre,IE08,,08/09/2015,18/01/2016,128576,1,5,10,0,Matrícula
Coord. Acadêmica do Instituto de Computação,BANCO DE DADOS I,CB01,2,08:00:00,ICC200,Segunda-feira,09:50:00,Teórica,202,2015,2,1.70.01.00.00.00.00.00,60,4, 2° Semestre,IE08,ICE - 1º ANDAR-BL. 6 SALA DE AULA 204,08/09/2015,18/01/2016,122745,3,38,40,0,Matrícula
Coord. Acadêmica do Instituto de Computação,BANCO DE DADOS I,CB01,4,08:00:00,ICC200,Quarta-feira,09:50:00,Teórica,202,2015,4,1.70.01.00.00.00.00.00,60,4, 2° Semestre,IE08,ICE - 1º ANDAR-BL. 6 SALA DE AULA 204,08/09/2015,18/01/2016,122745,3,38,40,0,Matrícula
Coord. Acadêmica do Instituto de Computação,INTRODUÇÃO A BANCO DE DADOS,01,3,20:00:00,ICC205,Terça-feira,21:50:00,Teórica,202,2015,3,1.70.01.00.00.00.00.00,60,4, 2° Semestre,IE15,,08/09/2015,18/01/2016,123444,3,45,45,0,Matrícula
Coord. Acadêmica do Instituto de Computação,INTRODUÇÃO A BANCO DE DADOS,01,5,20:00:00,ICC205,Quinta-feira,21:50:00,Teórica,202,2015,5,1.70.01.00.00.00.00.00,60,4, 2° Semestre,IE15,,08/09/2015,18/01/2016,123444,3,45,45,0,Matrícula
Coord. Acadêmica do Instituto de Computação,PRÁTICA EM BANCO DE DADOS,01,2,20:00:00,ICC210,Segunda-feira,21:50:00,Prática,202,2015,2,1.70.01.00.00.00.00.00,60,2, 2° Semestre,IE15,,08/09/2015,18/01/2016,123703,1,16,35,0,Matrícula
Coord. Acadêmica do Instituto de Computação,PRÁTICA EM BANCO DE DADOS,01,4,20:00:00,ICC210,Quarta-feira,21:50:00,Prática,202,2015,4,1.70.01.00.00.00.00.00,60,2, 2° Semestre,IE15,,08/09/2015,18/01/2016,123703,1,16,35,0,Matrícula
Coord. Acadêmica do Instituto de Computação,TÓPICOS EM RECUPERAÇÃO DE INFORMAÇÃO,CB01,2,16:00:00,ICC222,Segunda-feira,17:50:00,Teórica,202,2015,2,1.70.01.00.00.00.00.00,60,4, 2° Semestre,IE08,ICE - 1º ANDAR-BL. 6 SALA DE AULA 204,08/09/2015,18/01/2016,122736,3,18,15,3,Matrícula
Coord. Acadêmica do Instituto de Computação,TÓPICOS EM RECUPERAÇÃO DE INFORMAÇÃO,CB01,4,16:00:00,ICC222,Quarta-feira,17:50:00,Teórica,202,2015,4,1.70.01.00.00.00.00.00,60,4, 2° Semestre,IE08,ICE - 1º ANDAR-BL. 6 SALA DE AULA 204,08/09/2015,18/01/2016,122736,3,18,15,3,Matrícula
Coord. Acadêmica do Instituto de Computação,SISTEMAS COLABORATIVOS MÓVEIS,CB01,3,16:00:00,ICC252,Terça-feira,17:50:00,Teórica,202,2015,3,1.70.01.00.00.00.00.00,60,4, 2° Semestre,IE08,ICE - 1º ANDAR-BL. 6  SALA DE AULA 205,08/09/2015,18/01/2016,122737,3,17,15,5,Matrícula
Coord. Acadêmica do Instituto de Computação,SISTEMAS COLABORATIVOS MÓVEIS,CB01,5,16:00:00,ICC252,Quinta-feira,17:50:00,Teórica,202,2015,5,1.70.01.00.00.00.00.00,60,4, 2° Semestre,IE08,ICE - 1º ANDAR-BL. 6  SALA DE AULA 205,08/09/2015,18/01/2016,122737,3,17,15,5,Matrícula
Coord. Acadêmica do Instituto de Computação,SISTEMAS COLABORATIVOS MÓVEIS,01,3,16:00:00,ICC252,Terça-feira,17:50:00,Teórica,202,2015,3,1.70.01.00.00.00.00.00,60,4, 2° Semestre,IE15,,08/09/2015,18/01/2016,123390,1,8,10,0,Matrícula
Coord. Acadêmica do Instituto de Computação,SISTEMAS COLABORATIVOS MÓVEIS,01,5,16:00:00,ICC252,Quinta-feira,17:50:00,Teórica,202,2015,5,1.70.01.00.00.00.00.00,60,4, 2° Semestre,IE15,,08/09/2015,18/01/2016,123390,1,8,10,0,Matrícula
Coord. Acadêmica do Instituto de Computação,TÓPICOS ESPECIAIS EM INTELIGÊNCIA ARTIFICIAL,CB01,2,16:00:00,ICC270,Segunda-feira,17:50:00,Teórica,202,2015,2,1.70.01.00.00.00.00.00,60,4, 2° Semestre,IE08,,08/09/2015,18/01/2016,128555,1,2,20,0,Matrícula
Coord. Acadêmica do Instituto de Computação,TÓPICOS ESPECIAIS EM INTELIGÊNCIA ARTIFICIAL,CB01,4,16:00:00,ICC270,Quarta-feira,17:50:00,Teórica,202,2015,4,1.70.01.00.00.00.00.00,60,4, 2° Semestre,IE08,,08/09/2015,18/01/2016,128555,1,2,20,0,Matrícula
Coord. Acadêmica do Instituto de Computação,TÓPICOS AVANÇADOS EM INTELIGÊNCIA ARTIFICIAL,CB01,2,16:00:00,ICC271,Segunda-feira,17:50:00,Teórica,202,2015,2,1.70.01.00.00.00.00.00,60,4, 2° Semestre,IE08,,08/09/2015,18/01/2016,128368,3,4,20,0,Matrícula
Coord. Acadêmica do Instituto de Computação,TÓPICOS AVANÇADOS EM INTELIGÊNCIA ARTIFICIAL,CB01,4,16:00:00,ICC271,Quarta-feira,17:50:00,Teórica,202,2015,4,1.70.01.00.00.00.00.00,60,4, 2° Semestre,IE08,,08/09/2015,18/01/2016,128368,3,4,20,0,Matrícula
Coord. Acadêmica do Instituto de Computação,INTRODUÇÃO ÀS REDES DE COMPUTADORES,CB01,2,10:00:00,ICC300,Segunda-feira,12:40:00,Teórica,202,2015,2,1.70.01.00.00.00.00.00,90,5, 2° Semestre,IE08,ICE - TÉRREO - BL. 6 SALA DE AULA 102,08/09/2015,18/01/2016,122739,1,56,50,6,Matrícula
Coord. Acadêmica do Instituto de Computação,INTRODUÇÃO ÀS REDES DE COMPUTADORES,CB01,4,10:00:00,ICC300,Quarta-feira,11:00:00,Teórica,202,2015,4,1.70.01.00.00.00.00.00,90,5, 2° Semestre,IE08,ICE - TÉRREO - BL. 6 SALA DE AULA 102,08/09/2015,18/01/2016,122739,1,56,50,6,Matrícula
Coord. Acadêmica do Instituto de Computação,INTRODUÇÃO ÀS REDES DE COMPUTADORES,CB01,4,11:00:00,ICC300,Quarta-feira,12:50:00,Prática,202,2015,4,1.70.01.00.00.00.00.00,90,5, 2° Semestre,IE08,ICE - TÉRREO - BL. 6 SALA DE AULA 102,08/09/2015,18/01/2016,122739,1,56,50,6,Matrícula
Coord. Acadêmica do Instituto de Computação,TÓPICOS ESPECIAIS EM REDES DE COMPUTADORES,CB01,6,14:00:00,ICC320,Sexta-feira,16:40:00,Teórica,202,2015,6,1.70.01.00.00.00.00.00,60,4, 2° Semestre,IE08,,08/09/2015,18/01/2016,126426,1,6,10,0,Matrícula
Coord. Acadêmica do Instituto de Computação,TÓPICOS ESPECIAIS EM REDES DE COMPUTADORES,CB01,7,09:00:00,ICC320,Sábado,10:50:00,Teórica,202,2015,7,1.70.01.00.00.00.00.00,60,4, 2° Semestre,IE08,,08/09/2015,18/01/2016,126426,1,6,10,0,Matrícula
Coord. Acadêmica do Instituto de Computação,TÓPICOS ESPECIAIS EM REDES DE COMPUTADORES,CB02,,,ICC320,,,,202,2015,,1.70.01.00.00.00.00.00,60,4, 2° Semestre,IE08,,,,128995,1,1,1,0,Matrícula
Coord. Acadêmica do Instituto de Computação,TÓPICOS ESPECIAIS EM REDES DE COMPUTADORES,01,6,14:00:00,ICC320,Sexta-feira,16:40:00,Teórica,202,2015,6,1.70.01.00.00.00.00.00,60,4, 2° Semestre,IE15,,08/09/2015,18/01/2016,123391,1,3,15,0,Matrícula
Coord. Acadêmica do Instituto de Computação,TÓPICOS ESPECIAIS EM REDES DE COMPUTADORES,01,7,09:00:00,ICC320,Sábado,10:50:00,Teórica,202,2015,7,1.70.01.00.00.00.00.00,60,4, 2° Semestre,IE15,,08/09/2015,18/01/2016,123391,1,3,15,0,Matrícula
Coord. Acadêmica do Instituto de Computação,INTRODUÇÃO AOS SISTEMAS EMBARCADOS,CB01,3,16:00:00,ICC350,Terça-feira,17:50:00,Teórica,202,2015,3,1.70.01.00.00.00.00.00,60,4, 2° Semestre,IE08,ICE - 1º ANDAR -BL. 6  SALA DE AULA 207,08/09/2015,18/01/2016,122738,1,3,15,0,Matrícula
Coord. Acadêmica do Instituto de Computação,INTRODUÇÃO AOS SISTEMAS EMBARCADOS,CB01,5,16:00:00,ICC350,Quinta-feira,17:50:00,Teórica,202,2015,5,1.70.01.00.00.00.00.00,60,4, 2° Semestre,IE08,ICE - 1º ANDAR -BL. 6  SALA DE AULA 207,08/09/2015,18/01/2016,122738,1,3,15,0,Matrícula
Coord. Acadêmica do Instituto de Computação,INTRODUÇÃO À ENGENHARIA DE SOFTWARE,01,2,18:00:00,ICC400,Segunda-feira,19:50:00,Teórica,202,2015,2,1.70.01.00.00.00.00.00,90,5, 2° Semestre,IE15,,08/09/2015,18/01/2016,123442,3,22,40,0,Matrícula
Coord. Acadêmica do Instituto de Computação,INTRODUÇÃO À ENGENHARIA DE SOFTWARE,01,4,18:00:00,ICC400,Quarta-feira,19:50:00,Teórica,202,2015,4,1.70.01.00.00.00.00.00,90,5, 2° Semestre,IE15,,08/09/2015,18/01/2016,123442,3,22,40,0,Matrícula
Coord. Acadêmica do Instituto de Computação,INTRODUÇÃO À ENGENHARIA DE SOFTWARE,01,6,18:00:00,ICC400,Sexta-feira,19:50:00,Prática,202,2015,6,1.70.01.00.00.00.00.00,90,5, 2° Semestre,IE15,,08/09/2015,18/01/2016,123442,3,22,40,0,Matrícula
Coord. Acadêmica do Instituto de Computação,ANÁLISE E PROJETO DE SISTEMAS,CB01,2,10:00:00,ICC401,Segunda-feira,11:50:00,Teórica,202,2015,2,1.70.01.00.00.00.00.00,90,5, 2° Semestre,IE08,ICE - TÉRREO - BL. 6 SALA DE AULA 102,08/09/2015,18/01/2016,122751,3,47,50,0,Matrícula
Coord. Acadêmica do Instituto de Computação,ANÁLISE E PROJETO DE SISTEMAS,CB01,4,10:00:00,ICC401,Quarta-feira,11:50:00,Teórica,202,2015,4,1.70.01.00.00.00.00.00,90,5, 2° Semestre,IE08,ICE - TÉRREO - BL. 6 SALA DE AULA 102,08/09/2015,18/01/2016,122751,3,47,50,0,Matrícula
Coord. Acadêmica do Instituto de Computação,ANÁLISE E PROJETO DE SISTEMAS,CB01,6,10:00:00,ICC401,Sexta-feira,11:50:00,Prática,202,2015,6,1.70.01.00.00.00.00.00,90,5, 2° Semestre,IE08,ICE - TÉRREO - BL. 6 SALA DE AULA 102,08/09/2015,18/01/2016,122751,3,47,50,0,Matrícula
Coord. Acadêmica do Instituto de Computação,GERÊNCIA DE PROJETOS,01,3,18:00:00,ICC404,Terça-feira,19:50:00,Teórica,202,2015,3,1.70.01.00.00.00.00.00,60,4, 2° Semestre,IE15,,08/09/2015,18/01/2016,123709,3,33,35,0,Matrícula
Coord. Acadêmica do Instituto de Computação,GERÊNCIA DE PROJETOS,01,5,18:00:00,ICC404,Quinta-feira,19:50:00,Teórica,202,2015,5,1.70.01.00.00.00.00.00,60,4, 2° Semestre,IE15,,08/09/2015,18/01/2016,123709,3,33,35,0,Matrícula
Coord. Acadêmica do Instituto de Computação,INTERAÇÃO HUMANO-COMPUTADOR,CB01,2,14:00:00,ICC406,Segunda-feira,15:50:00,Teórica,202,2015,2,1.70.01.00.00.00.00.00,60,4, 2° Semestre,IE08,ICE - 1º ANDAR-BL. 6  SALA DE AULA 206,08/09/2015,18/01/2016,122729,1,50,50,0,Matrícula
Coord. Acadêmica do Instituto de Computação,INTERAÇÃO HUMANO-COMPUTADOR,CB01,4,14:00:00,ICC406,Quarta-feira,15:50:00,Teórica,202,2015,4,1.70.01.00.00.00.00.00,60,4, 2° Semestre,IE08,ICE - 1º ANDAR-BL. 6  SALA DE AULA 206,08/09/2015,18/01/2016,122729,1,50,50,0,Matrícula
Coord. Acadêmica do Instituto de Computação,INTERAÇÃO HUMANO-COMPUTADOR,01,2,18:00:00,ICC406,Segunda-feira,19:50:00,Teórica,202,2015,2,1.70.01.00.00.00.00.00,60,4, 2° Semestre,IE15,,08/09/2015,18/01/2016,123706,3,38,35,8,Matrícula
Coord. Acadêmica do Instituto de Computação,INTERAÇÃO HUMANO-COMPUTADOR,01,4,18:00:00,ICC406,Quarta-feira,19:50:00,Teórica,202,2015,4,1.70.01.00.00.00.00.00,60,4, 2° Semestre,IE15,,08/09/2015,18/01/2016,123706,3,38,35,8,Matrícula
Coord. Acadêmica do Instituto de Computação,PRÁTICA DE ANÁLISE E PROJETO DE SISTEMAS,01,2,16:00:00,ICC410,Segunda-feira,17:50:00,Prática,202,2015,2,1.70.01.00.00.00.00.00,60,2, 2° Semestre,IE15,,08/09/2015,18/01/2016,123698,1,28,30,0,Matrícula
Coord. Acadêmica do Instituto de Computação,PRÁTICA DE ANÁLISE E PROJETO DE SISTEMAS,01,4,16:00:00,ICC410,Quarta-feira,17:50:00,Prática,202,2015,4,1.70.01.00.00.00.00.00,60,2, 2° Semestre,IE15,,08/09/2015,18/01/2016,123698,1,28,30,0,Matrícula
Coord. Acadêmica do Instituto de Computação,INTRODUÇÃO À COMPUTAÇÃO GRÁFICA,CB01,3,08:00:00,ICC450,Terça-feira,09:50:00,Teórica,202,2015,3,1.70.01.00.00.00.00.00,60,4, 2° Semestre,IE08,,08/09/2015,18/01/2016,126217,3,24,50,0,Matrícula
Coord. Acadêmica do Instituto de Computação,INTRODUÇÃO À COMPUTAÇÃO GRÁFICA,CB01,5,08:00:00,ICC450,Quinta-feira,09:50:00,Teórica,202,2015,5,1.70.01.00.00.00.00.00,60,4, 2° Semestre,IE08,,08/09/2015,18/01/2016,126217,3,24,50,0,Matrícula
Coord. Acadêmica do Instituto de Computação,TÓPICOS ESPECIAIS EM OTIMIZAÇÃO,CB01,3,16:00:00,ICC520,Terça-feira,17:50:00,Teórica,202,2015,3,1.70.01.00.00.00.00.00,60,4, 2° Semestre,IE08,ICE - 1º ANDAR-BL. 6  SALA DE AULA 203,08/09/2015,18/01/2016,122755,3,6,30,0,Matrícula
Coord. Acadêmica do Instituto de Computação,TÓPICOS ESPECIAIS EM OTIMIZAÇÃO,CB01,5,16:00:00,ICC520,Quinta-feira,17:50:00,Teórica,202,2015,5,1.70.01.00.00.00.00.00,60,4, 2° Semestre,IE08,ICE - 1º ANDAR-BL. 6  SALA DE AULA 203,08/09/2015,18/01/2016,122755,3,6,30,0,Matrícula
Coord. Acadêmica do Instituto de Computação,INFORMÁTICA INSTRUMENTAL,02,6,18:00:00,ICC900,Sexta-feira,19:50:00,Teórica,202,2015,6,1.70.01.00.00.00.00.00,60,3, 2° Semestre,IB14,,08/09/2015,18/01/2016,123332,1,20,42,0,Matrícula
Coord. Acadêmica do Instituto de Computação,INFORMÁTICA INSTRUMENTAL,02,6,20:00:00,ICC900,Sexta-feira,21:50:00,Prática,202,2015,6,1.70.01.00.00.00.00.00,60,3, 2° Semestre,IB14,,08/09/2015,18/01/2016,123332,1,20,42,0,Matrícula
Coord. Acadêmica do Instituto de Computação,INFORMÁTICA INSTRUMENTAL,03,6,08:00:00,ICC900,Sexta-feira,09:50:00,Teórica,202,2015,6,1.70.01.00.00.00.00.00,60,3, 2° Semestre,IB05,,08/09/2015,18/01/2016,124870,3,14,20,0,Matrícula
Coord. Acadêmica do Instituto de Computação,INFORMÁTICA INSTRUMENTAL,03,6,10:00:00,ICC900,Sexta-feira,11:50:00,Prática,202,2015,6,1.70.01.00.00.00.00.00,60,3, 2° Semestre,IB05,,08/09/2015,18/01/2016,124870,3,14,20,0,Matrícula
Coord. Acadêmica do Instituto de Computação,INFORMÁTICA INSTRUMENTAL,04,6,08:00:00,ICC900,Sexta-feira,09:50:00,Teórica,202,2015,6,1.70.01.00.00.00.00.00,60,3, 2° Semestre,IB05,,08/09/2015,18/01/2016,124871,3,2,20,0,Matrícula
Coord. Acadêmica do Instituto de Computação,INFORMÁTICA INSTRUMENTAL,04,6,10:00:00,ICC900,Sexta-feira,11:50:00,Prática,202,2015,6,1.70.01.00.00.00.00.00,60,3, 2° Semestre,IB05,,08/09/2015,18/01/2016,124871,3,2,20,0,Matrícula
Coord. Acadêmica do Instituto de Computação,INTRODUÇÃO À PROGRAMAÇÃO DE COMPUTADORES,MA01,3,08:00:00,ICC901,Terça-feira,09:50:00,Teórica,202,2015,3,1.70.01.00.00.00.00.00,60,3, 2° Semestre,IE16,,08/09/2015,18/01/2016,124796,3,18,15,10,Matrícula
Coord. Acadêmica do Instituto de Computação,INTRODUÇÃO À PROGRAMAÇÃO DE COMPUTADORES,MA01,5,08:00:00,ICC901,Quinta-feira,09:50:00,Teórica,202,2015,5,1.70.01.00.00.00.00.00,60,3, 2° Semestre,IE16,,08/09/2015,18/01/2016,124796,3,18,15,10,Matrícula
Coord. Acadêmica do Instituto de Computação,GERAÇÃO E USO DE BANCO DE DADOS,6,2,18:00:00,ICC903,Segunda-feira,20:40:00,Teórica,202,2015,2,1.70.01.00.00.00.00.00,45,3, 2° Semestre,IH25,,08/09/2015,18/01/2016,124464,1,21,50,0,Matrícula
Coord. Acadêmica do Instituto de Computação,MATEMÁTICA DISCRETA,03,3,14:00:00,IEC010,Terça-feira,16:00:00,Teórica,202,2015,3,1.70.01.00.00.00.00.00,60,4, 2° Semestre,FT05,,08/09/2015,18/01/2016,128613,1,4,4,0,Matrícula
Coord. Acadêmica do Instituto de Computação,MATEMÁTICA DISCRETA,03,5,14:00:00,IEC010,Quinta-feira,16:00:00,Teórica,202,2015,5,1.70.01.00.00.00.00.00,60,4, 2° Semestre,FT05,,08/09/2015,18/01/2016,128613,1,4,4,0,Matrícula
Coord. Acadêmica do Instituto de Computação,MATEMÁTICA DISCRETA,04,3,14:00:00,IEC010,Terça-feira,16:00:00,Teórica,202,2015,3,1.70.01.00.00.00.00.00,60,4, 2° Semestre,FT05,,08/09/2015,18/01/2016,128615,1,4,4,0,Matrícula
Coord. Acadêmica do Instituto de Computação,MATEMÁTICA DISCRETA,04,5,14:00:00,IEC010,Quinta-feira,16:00:00,Teórica,202,2015,5,1.70.01.00.00.00.00.00,60,4, 2° Semestre,FT05,,08/09/2015,18/01/2016,128615,1,4,4,0,Matrícula
Coord. Acadêmica do Instituto de Computação,INTRODUÇÃO À COMPUTAÇÃO,11,2,10:00:00,IEC011,Segunda-feira,12:00:00,Teórica,202,2015,2,1.70.01.00.00.00.00.00,90,5, 2° Semestre,FT05,,08/09/2015,18/01/2016,126654,1,17,15,2,Matrícula
Coord. Acadêmica do Instituto de Computação,INTRODUÇÃO À COMPUTAÇÃO,11,4,10:00:00,IEC011,Quarta-feira,12:00:00,Teórica,202,2015,4,1.70.01.00.00.00.00.00,90,5, 2° Semestre,FT05,,08/09/2015,18/01/2016,126654,1,17,15,2,Matrícula
Coord. Acadêmica do Instituto de Computação,INTRODUÇÃO À COMPUTAÇÃO,11,6,10:00:00,IEC011,Sexta-feira,12:00:00,Prática,202,2015,6,1.70.01.00.00.00.00.00,90,5, 2° Semestre,FT05,,08/09/2015,18/01/2016,126654,1,17,15,2,Matrícula
Coord. Acadêmica do Instituto de Computação,ALGORITMOS E ESTRUTURAS DE DADOS  I,03,2,10:00:00,IEC012,Segunda-feira,12:00:00,Teórica,202,2015,2,1.70.01.00.00.00.00.00,90,5, 2° Semestre,FT05,,08/09/2015,18/01/2016,124424,1,22,22,0,Matrícula
Coord. Acadêmica do Instituto de Computação,ALGORITMOS E ESTRUTURAS DE DADOS  I,03,4,10:00:00,IEC012,Quarta-feira,12:00:00,Teórica,202,2015,4,1.70.01.00.00.00.00.00,90,5, 2° Semestre,FT05,,08/09/2015,18/01/2016,124424,1,22,22,0,Matrícula
Coord. Acadêmica do Instituto de Computação,ALGORITMOS E ESTRUTURAS DE DADOS  I,03,6,10:00:00,IEC012,Sexta-feira,12:00:00,Prática,202,2015,6,1.70.01.00.00.00.00.00,90,5, 2° Semestre,FT05,,08/09/2015,18/01/2016,124424,1,22,22,0,Matrícula
Coord. Acadêmica do Instituto de Computação,ALGORITMOS E ESTRUTURAS DE DADOS  I,04,2,10:00:00,IEC012,Segunda-feira,12:00:00,Teórica,202,2015,2,1.70.01.00.00.00.00.00,90,5, 2° Semestre,FT05,,08/09/2015,18/01/2016,124423,1,21,22,0,Matrícula
Coord. Acadêmica do Instituto de Computação,ALGORITMOS E ESTRUTURAS DE DADOS  I,04,4,10:00:00,IEC012,Quarta-feira,12:00:00,Teórica,202,2015,4,1.70.01.00.00.00.00.00,90,5, 2° Semestre,FT05,,08/09/2015,18/01/2016,124423,1,21,22,0,Matrícula
Coord. Acadêmica do Instituto de Computação,ALGORITMOS E ESTRUTURAS DE DADOS  I,04,6,10:00:00,IEC012,Sexta-feira,12:00:00,Teórica,202,2015,6,1.70.01.00.00.00.00.00,90,5, 2° Semestre,FT05,,08/09/2015,18/01/2016,124423,1,21,22,0,Matrícula
Coord. Acadêmica do Instituto de Computação,ALGORITMOS E ESTRUTURAS DE  DADOS II,03,3,14:00:00,IEC013,Terça-feira,16:00:00,Teórica,202,2015,3,1.70.01.00.00.00.00.00,90,5, 2° Semestre,FT05,,08/09/2015,18/01/2016,128610,1,8,8,0,Matrícula
Coord. Acadêmica do Instituto de Computação,ALGORITMOS E ESTRUTURAS DE  DADOS II,03,5,14:00:00,IEC013,Quinta-feira,16:00:00,Teórica,202,2015,5,1.70.01.00.00.00.00.00,90,5, 2° Semestre,FT05,,08/09/2015,18/01/2016,128610,1,8,8,0,Matrícula
Coord. Acadêmica do Instituto de Computação,ALGORITMOS E ESTRUTURAS DE  DADOS II,03,6,14:00:00,IEC013,Sexta-feira,16:00:00,Prática,202,2015,6,1.70.01.00.00.00.00.00,90,5, 2° Semestre,FT05,,08/09/2015,18/01/2016,128610,1,8,8,0,Matrícula
Coord. Acadêmica do Instituto de Computação,MODELAGEM  E  PROJETO  DE  SISTEMAS,CB02,2,10:00:00,IEC016,Segunda-feira,11:50:00,Teórica,202,2015,2,1.70.01.00.00.00.00.00,105,6, 2° Semestre,IE08,ICE - TÉRREO - BL. 6 SALA DE AULA 102,08/09/2015,18/01/2016,122752,1,0,10,0,Matrícula
Coord. Acadêmica do Instituto de Computação,MODELAGEM  E  PROJETO  DE  SISTEMAS,CB02,4,10:00:00,IEC016,Quarta-feira,11:50:00,Teórica,202,2015,4,1.70.01.00.00.00.00.00,105,6, 2° Semestre,IE08,ICE - TÉRREO - BL. 6 SALA DE AULA 102,08/09/2015,18/01/2016,122752,1,0,10,0,Matrícula
Coord. Acadêmica do Instituto de Computação,MODELAGEM  E  PROJETO  DE  SISTEMAS,CB02,6,10:00:00,IEC016,Sexta-feira,11:00:00,Teórica,202,2015,6,1.70.01.00.00.00.00.00,105,6, 2° Semestre,IE08,ICE - TÉRREO - BL. 6 SALA DE AULA 102,08/09/2015,18/01/2016,122752,1,0,10,0,Matrícula
Coord. Acadêmica do Instituto de Computação,MODELAGEM  E  PROJETO  DE  SISTEMAS,CB02,6,11:00:00,IEC016,Sexta-feira,12:50:00,Prática,202,2015,6,1.70.01.00.00.00.00.00,105,6, 2° Semestre,IE08,ICE - TÉRREO - BL. 6 SALA DE AULA 102,08/09/2015,18/01/2016,122752,1,0,10,0,Matrícula
Coord. Acadêmica do Instituto de Computação,PROJETO  FINAL  II,CB01,,,IEC019,,,,202,2015,,1.70.01.00.00.00.00.00,150,5, 2° Semestre,IE08,,,,122759,1,2,30,0,Matrícula
Coord. Acadêmica do Instituto de Computação,INFORMÁTICA APLICADA A CIÊNCIAS AGRÁRIAS,01,4,08:00:00,IEC026,Quarta-feira,09:50:00,Prática,202,2015,4,1.70.01.00.00.00.00.00,60,3, 2° Semestre,FG03,,08/09/2015,18/01/2016,123876,3,47,46,2,Matrícula
Coord. Acadêmica do Instituto de Computação,INFORMÁTICA APLICADA A CIÊNCIAS AGRÁRIAS,01,6,08:00:00,IEC026,Sexta-feira,09:50:00,Teórica,202,2015,6,1.70.01.00.00.00.00.00,60,3, 2° Semestre,FG03,,08/09/2015,18/01/2016,123876,3,47,46,2,Matrícula
Coord. Acadêmica do Instituto de Computação,COMPILADORES,CB02,3,13:00:00,IEC028,Terça-feira,15:40:00,Teórica,202,2015,3,1.70.01.00.00.00.00.00,75,4, 2° Semestre,IE08,ICE - 2º ANDAR - BL. 6  SALA DE AULA 304,08/09/2015,18/01/2016,122753,1,1,10,0,Matrícula
Coord. Acadêmica do Instituto de Computação,COMPILADORES,CB02,5,14:00:00,IEC028,Quinta-feira,15:50:00,Prática,202,2015,5,1.70.01.00.00.00.00.00,75,4, 2° Semestre,IE08,ICE - 2º ANDAR - BL. 6  SALA DE AULA 304,08/09/2015,18/01/2016,122753,1,1,10,0,Matrícula
Coord. Acadêmica do Instituto de Computação,GERAÇÃO E USO DE BANCO DE DADOS,EB01,3,18:00:00,IEC048,Terça-feira,19:50:00,,202,2015,3,1.70.01.00.00.00.00.00,45,3, 2° Semestre,IE01,,08/09/2015,18/01/2016,123370,1,45,50,0,Matrícula
Coord. Acadêmica do Instituto de Computação,GERAÇÃO E USO DE BANCO DE DADOS,EB01,5,18:00:00,IEC048,Quinta-feira,19:00:00,,202,2015,5,1.70.01.00.00.00.00.00,45,3, 2° Semestre,IE01,,08/09/2015,18/01/2016,123370,1,45,50,0,Matrícula
Coord. Acadêmica do Instituto de Computação,INTRODUÇÃO A CIÊNCIA DOS COMPUTADORES,FL01,2,08:00:00,IEC081,Segunda-feira,09:50:00,Teórica,202,2015,2,1.70.01.00.00.00.00.00,60,4, 2° Semestre,IE13,,08/09/2015,18/01/2016,128403,1,21,21,0,Matrícula
Coord. Acadêmica do Instituto de Computação,INTRODUÇÃO A CIÊNCIA DOS COMPUTADORES,FL01,4,08:00:00,IEC081,Quarta-feira,09:50:00,Teórica,202,2015,4,1.70.01.00.00.00.00.00,60,4, 2° Semestre,IE13,,08/09/2015,18/01/2016,128403,1,21,21,0,Matrícula
Coord. Acadêmica do Instituto de Computação,INTRODUÇÃO A CIÊNCIA DOS COMPUTADORES,FL11,2,20:00:00,IEC081,Segunda-feira,21:50:00,Teórica,202,2015,2,1.70.01.00.00.00.00.00,60,4, 2° Semestre,IE10,,08/09/2015,18/01/2016,124230,3,28,40,0,Matrícula
Coord. Acadêmica do Instituto de Computação,INTRODUÇÃO A CIÊNCIA DOS COMPUTADORES,FL11,4,20:00:00,IEC081,Quarta-feira,21:50:00,Teórica,202,2015,4,1.70.01.00.00.00.00.00,60,4, 2° Semestre,IE10,,08/09/2015,18/01/2016,124230,3,28,40,0,Matrícula
Coord. Acadêmica do Instituto de Computação,INTRODUÇÃO A CIÊNCIA DOS COMPUTADORES,FL501,2,08:00:00,IEC081,Segunda-feira,09:50:00,Teórica,202,2015,2,1.70.01.00.00.00.00.00,60,4, 2° Semestre,IE13,,08/09/2015,18/01/2016,128679,3,14,20,0,Matrícula
Coord. Acadêmica do Instituto de Computação,INTRODUÇÃO A CIÊNCIA DOS COMPUTADORES,FL501,4,08:00:00,IEC081,Quarta-feira,09:50:00,Teórica,202,2015,4,1.70.01.00.00.00.00.00,60,4, 2° Semestre,IE13,,08/09/2015,18/01/2016,128679,3,14,20,0,Matrícula
Coord. Acadêmica do Instituto de Computação,INTRODUÇÃO A CIÊNCIA DOS COMPUTADORES,FL511,2,20:00:00,IEC081,Segunda-feira,21:50:00,Teórica,202,2015,2,1.70.01.00.00.00.00.00,60,4, 2° Semestre,IE10,,08/09/2015,18/01/2016,128680,3,0,20,0,Matrícula
Coord. Acadêmica do Instituto de Computação,INTRODUÇÃO A CIÊNCIA DOS COMPUTADORES,FL511,4,20:00:00,IEC081,Quarta-feira,21:50:00,Teórica,202,2015,4,1.70.01.00.00.00.00.00,60,4, 2° Semestre,IE10,,08/09/2015,18/01/2016,128680,3,0,20,0,Matrícula
Coord. Acadêmica do Instituto de Computação,INTRODUÇÃO A CIÊNCIA DOS COMPUTADORES,01,2,08:00:00,IEC081,Segunda-feira,09:50:00,Teórica,202,2015,2,1.70.01.00.00.00.00.00,60,4, 2° Semestre,IE03,FES - SALA DE AULA SA-34,08/09/2015,18/01/2016,129226,1,0,1,,Ajuste Hor.
Coord. Acadêmica do Instituto de Computação,INTRODUÇÃO A CIÊNCIA DOS COMPUTADORES,01A,2,10:00:00,IEC081,Segunda-feira,12:00:00,Teórica,202,2015,2,1.70.01.00.00.00.00.00,60,4, 2° Semestre,FT02-ET,,08/09/2015,18/01/2016,124350,1,20,20,0,Matrícula
Coord. Acadêmica do Instituto de Computação,INTRODUÇÃO A CIÊNCIA DOS COMPUTADORES,01A,4,10:00:00,IEC081,Quarta-feira,12:00:00,Teórica,202,2015,4,1.70.01.00.00.00.00.00,60,4, 2° Semestre,FT02-ET,,08/09/2015,18/01/2016,124350,1,20,20,0,Matrícula
Coord. Acadêmica do Instituto de Computação,INTRODUÇÃO A CIÊNCIA DOS COMPUTADORES,01B,2,10:00:00,IEC081,Segunda-feira,12:00:00,Teórica,202,2015,2,1.70.01.00.00.00.00.00,60,4, 2° Semestre,FT02-T,,08/09/2015,18/01/2016,124386,1,20,22,0,Matrícula
Coord. Acadêmica do Instituto de Computação,INTRODUÇÃO A CIÊNCIA DOS COMPUTADORES,01B,4,10:00:00,IEC081,Quarta-feira,12:00:00,Teórica,202,2015,4,1.70.01.00.00.00.00.00,60,4, 2° Semestre,FT02-T,,08/09/2015,18/01/2016,124386,1,20,22,0,Matrícula
Coord. Acadêmica do Instituto de Computação,INTRODUÇÃO A CIÊNCIA DOS COMPUTADORES,01C,2,10:00:00,IEC081,Segunda-feira,11:50:00,Teórica,202,2015,2,1.70.01.00.00.00.00.00,60,4, 2° Semestre,FT02-E,,08/09/2015,18/01/2016,124304,1,14,25,0,Matrícula
Coord. Acadêmica do Instituto de Computação,INTRODUÇÃO A CIÊNCIA DOS COMPUTADORES,01C,4,10:00:00,IEC081,Quarta-feira,11:50:00,Teórica,202,2015,4,1.70.01.00.00.00.00.00,60,4, 2° Semestre,FT02-E,,08/09/2015,18/01/2016,124304,1,14,25,0,Matrícula
Coord. Acadêmica do Instituto de Computação,INTRODUÇÃO A CIÊNCIA DOS COMPUTADORES,02,2,10:00:00,IEC081,Segunda-feira,12:40:00,Teórica,202,2015,2,1.70.01.00.00.00.00.00,60,4, 2° Semestre,IE03,,08/09/2015,18/01/2016,129227,1,0,0,,Análise
Coord. Acadêmica do Instituto de Computação,INTRODUÇÃO A CIÊNCIA DOS COMPUTADORES,03,2,09:00:00,IEC081,Segunda-feira,10:50:00,Teórica,202,2015,2,1.70.01.00.00.00.00.00,60,4, 2° Semestre,IE03,,08/09/2015,18/01/2016,129234,1,0,0,,Análise
Coord. Acadêmica do Instituto de Computação,INTRODUÇÃO A CIÊNCIA DOS COMPUTADORES,04,,,IEC081,,,,202,2015,,1.70.01.00.00.00.00.00,60,4, 2° Semestre,IE03,,,,129240,1,0,0,,Solicitada
Coord. Acadêmica do Instituto de Computação,CALCULO NUMÉRICO,FB01,2,16:00:00,IEC082,Segunda-feira,17:50:00,Teórica,202,2015,2,1.70.01.00.00.00.00.00,60,4, 2° Semestre,IE14,,08/09/2015,18/01/2016,124215,3,5,30,0,Matrícula
Coord. Acadêmica do Instituto de Computação,CALCULO NUMÉRICO,FB01,4,16:00:00,IEC082,Quarta-feira,17:50:00,Teórica,202,2015,4,1.70.01.00.00.00.00.00,60,4, 2° Semestre,IE14,,08/09/2015,18/01/2016,124215,3,5,30,0,Matrícula
Coord. Acadêmica do Instituto de Computação,CALCULO NUMÉRICO,FB501,2,16:00:00,IEC082,Segunda-feira,17:50:00,Teórica,202,2015,2,1.70.01.00.00.00.00.00,60,4, 2° Semestre,IE14,,08/09/2015,18/01/2016,128648,3,1,20,0,Matrícula
Coord. Acadêmica do Instituto de Computação,CALCULO NUMÉRICO,FB501,4,16:00:00,IEC082,Quarta-feira,17:50:00,Teórica,202,2015,4,1.70.01.00.00.00.00.00,60,4, 2° Semestre,IE14,,08/09/2015,18/01/2016,128648,3,1,20,0,Matrícula
Coord. Acadêmica do Instituto de Computação,CALCULO NUMÉRICO,MB01,3,10:00:00,IEC082,Terça-feira,11:50:00,Teórica,202,2015,3,1.70.01.00.00.00.00.00,60,4, 2° Semestre,IE03-B,,08/09/2015,18/01/2016,123927,3,5,20,0,Matrícula
Coord. Acadêmica do Instituto de Computação,CALCULO NUMÉRICO,MB01,5,10:00:00,IEC082,Quinta-feira,11:50:00,Teórica,202,2015,5,1.70.01.00.00.00.00.00,60,4, 2° Semestre,IE03-B,,08/09/2015,18/01/2016,123927,3,5,20,0,Matrícula
Coord. Acadêmica do Instituto de Computação,CALCULO NUMÉRICO,MB02,3,10:00:00,IEC082,Terça-feira,11:50:00,Teórica,202,2015,3,1.70.01.00.00.00.00.00,60,4, 2° Semestre,IE03-B,,08/09/2015,18/01/2016,128728,1,1,5,0,Matrícula
Coord. Acadêmica do Instituto de Computação,CALCULO NUMÉRICO,MB02,5,10:00:00,IEC082,Quinta-feira,11:50:00,Teórica,202,2015,5,1.70.01.00.00.00.00.00,60,4, 2° Semestre,IE03-B,,08/09/2015,18/01/2016,128728,1,1,5,0,Matrícula
Coord. Acadêmica do Instituto de Computação,CALCULO NUMÉRICO,ML01,3,10:00:00,IEC082,Terça-feira,11:50:00,Teórica,202,2015,3,1.70.01.00.00.00.00.00,60,4, 2° Semestre,IE03-L,,08/09/2015,18/01/2016,123585,3,7,30,0,Matrícula
Coord. Acadêmica do Instituto de Computação,CALCULO NUMÉRICO,ML01,5,10:00:00,IEC082,Quinta-feira,11:50:00,Teórica,202,2015,5,1.70.01.00.00.00.00.00,60,4, 2° Semestre,IE03-L,,08/09/2015,18/01/2016,123585,3,7,30,0,Matrícula
Coord. Acadêmica do Instituto de Computação,CALCULO NUMÉRICO,ML11,2,18:00:00,IEC082,Segunda-feira,19:50:00,Teórica,202,2015,2,1.70.01.00.00.00.00.00,60,4, 2° Semestre,IE07,,08/09/2015,18/01/2016,123905,3,9,60,0,Matrícula
Coord. Acadêmica do Instituto de Computação,CALCULO NUMÉRICO,ML11,4,18:00:00,IEC082,Quarta-feira,19:50:00,Teórica,202,2015,4,1.70.01.00.00.00.00.00,60,4, 2° Semestre,IE07,,08/09/2015,18/01/2016,123905,3,9,60,0,Matrícula
Coord. Acadêmica do Instituto de Computação,CALCULO NUMÉRICO,01,3,10:00:00,IEC082,Terça-feira,12:00:00,Teórica,202,2015,3,1.70.01.00.00.00.00.00,60,4, 2° Semestre,FT09,,08/09/2015,18/01/2016,123634,1,46,46,1,Matrícula
Coord. Acadêmica do Instituto de Computação,CALCULO NUMÉRICO,01,5,10:00:00,IEC082,Quinta-feira,12:00:00,Teórica,202,2015,5,1.70.01.00.00.00.00.00,60,4, 2° Semestre,FT09,,08/09/2015,18/01/2016,123634,1,46,46,1,Matrícula
Coord. Acadêmica do Instituto de Computação,CALCULO NUMÉRICO,10,4,10:00:00,IEC082,Quarta-feira,11:50:00,Teórica,202,2015,4,1.70.01.00.00.00.00.00,60,4, 2° Semestre,FT01,,08/09/2015,18/01/2016,123750,3,60,60,0,Matrícula
Coord. Acadêmica do Instituto de Computação,CALCULO NUMÉRICO,10,6,10:00:00,IEC082,Sexta-feira,11:50:00,Teórica,202,2015,6,1.70.01.00.00.00.00.00,60,4, 2° Semestre,FT01,,08/09/2015,18/01/2016,123750,3,60,60,0,Matrícula
Coord. Acadêmica do Instituto de Computação,CALCULO NUMÉRICO,235,,,IEC082,,,,202,2015,,1.70.01.00.00.00.00.00,60,4, 2° Semestre,PA235,,,,122506,1,22,60,0,Lanc.Notas
Coord. Acadêmica do Instituto de Computação,LINGUAGENS FORMAIS E AUTOMATA,02,2,10:00:00,IEC087,Segunda-feira,12:00:00,Teórica,202,2015,2,1.70.01.00.00.00.00.00,60,4, 2° Semestre,FT05,,08/09/2015,18/01/2016,124428,1,28,40,0,Matrícula
Coord. Acadêmica do Instituto de Computação,LINGUAGENS FORMAIS E AUTOMATA,02,4,10:00:00,IEC087,Quarta-feira,12:00:00,Teórica,202,2015,4,1.70.01.00.00.00.00.00,60,4, 2° Semestre,FT05,,08/09/2015,18/01/2016,124428,1,28,40,0,Matrícula
Coord. Acadêmica do Instituto de Computação,ARQUITETURA DE COMPUTADORES,CB02,3,08:00:00,IEC089,Terça-feira,09:50:00,Teórica,202,2015,3,1.70.01.00.00.00.00.00,60,4, 2° Semestre,IE08,ICE - 2º ANDAR - BL. 6  SALA DE AULA 306,08/09/2015,18/01/2016,122757,1,1,10,0,Matrícula
Coord. Acadêmica do Instituto de Computação,ARQUITETURA DE COMPUTADORES,CB02,5,08:00:00,IEC089,Quinta-feira,09:50:00,Teórica,202,2015,5,1.70.01.00.00.00.00.00,60,4, 2° Semestre,IE08,ICE - 2º ANDAR - BL. 6  SALA DE AULA 306,08/09/2015,18/01/2016,122757,1,1,10,0,Matrícula
Coord. Acadêmica do Instituto de Computação,INTELIGENCIA ARTIFICIAL E EDUCACAO,CB01,2,16:00:00,IEC092,Segunda-feira,17:50:00,Teórica,202,2015,2,1.70.01.00.00.00.00.00,60,4, 2° Semestre,IE08,,08/09/2015,18/01/2016,129118,3,1,1,0,Matrícula
Coord. Acadêmica do Instituto de Computação,INTELIGENCIA ARTIFICIAL E EDUCACAO,CB01,4,16:00:00,IEC092,Quarta-feira,17:50:00,Teórica,202,2015,4,1.70.01.00.00.00.00.00,60,4, 2° Semestre,IE08,,08/09/2015,18/01/2016,129118,3,1,1,0,Matrícula
Coord. Acadêmica do Instituto de Computação,INFORMÁTICA INSTRUMENTAL,05,2,08:00:00,IEC111,Segunda-feira,09:50:00,Teórica,202,2015,2,1.70.01.00.00.00.00.00,60,3, 2° Semestre,IH01,,08/09/2015,18/01/2016,123938,1,56,56,0,Matrícula
Coord. Acadêmica do Instituto de Computação,INFORMÁTICA INSTRUMENTAL,05,5,08:00:00,IEC111,Quinta-feira,09:50:00,Teórica,202,2015,5,1.70.01.00.00.00.00.00,60,3, 2° Semestre,IH01,,08/09/2015,18/01/2016,123938,1,56,56,0,Matrícula
Coord. Acadêmica do Instituto de Computação,INFORMÁTICA INSTRUMENTAL,6,6,18:00:00,IEC111,Sexta-feira,21:30:00,Teórica,202,2015,6,1.70.01.00.00.00.00.00,60,3, 2° Semestre,IH25,,08/09/2015,18/01/2016,123947,3,45,60,0,Matrícula
Coord. Acadêmica do Instituto de Computação,BANCO DE DADOS I,CB02,2,07:00:00,IEC681,Segunda-feira,09:40:00,Teórica,202,2015,2,1.70.01.00.00.00.00.00,75,4, 2° Semestre,IE08,ICE - 1º ANDAR-BL. 6 SALA DE AULA 204,08/09/2015,18/01/2016,122746,1,2,10,0,Matrícula
Coord. Acadêmica do Instituto de Computação,BANCO DE DADOS I,CB02,4,08:00:00,IEC681,Quarta-feira,09:50:00,Prática,202,2015,4,1.70.01.00.00.00.00.00,75,4, 2° Semestre,IE08,ICE - 1º ANDAR-BL. 6 SALA DE AULA 204,08/09/2015,18/01/2016,122746,1,2,10,0,Matrícula
Coord. Acadêmica do Instituto de Computação,PROJETO FINAL,CB01,,,IEC782,,,,202,2015,,1.70.01.00.00.00.00.00,150,5, 2° Semestre,IE08,,,,122760,1,2,30,0,Matrícula
Coord. Acadêmica do Instituto de Computação,INFORMATICA APLICADA A ECONOMIA,01,2,18:00:00,IEC905,Segunda-feira,19:50:00,Teórica,202,2015,2,1.70.01.00.00.00.00.00,60,4, 2° Semestre,FA06,,08/09/2015,18/01/2016,126952,1,20,60,0,Matrícula
Coord. Acadêmica do Instituto de Computação,INFORMATICA APLICADA A ECONOMIA,01,4,18:00:00,IEC905,Quarta-feira,19:50:00,Teórica,202,2015,4,1.70.01.00.00.00.00.00,60,4, 2° Semestre,FA06,,08/09/2015,18/01/2016,126952,1,20,60,0,Matrícula
